Name,Type 1,Type 2,Total,HP,Attack,Defense,Sp. Atk,Sp. Def,Speed,Generation,Legendary
Bulbasaur,Grass,Poison,318,45,49.0,49,65.0,65,45.0,1,False
Ivysaur,Grass,Poison,405,60,62.0,63,80.0,80,60.0,1,False
Venusaur,Grass,Poison,525,80,82.0,83,100.0,100,80.0,1,False
VenusaurMega Venusaur,Grass,Poison,625,80,100.0,123,122.0,120,80.0,1,False
Charmander,Fire,None,309,39,52.0,43,60.0,50,65.0,1,False
Charmeleon,Fire,None,405,58,64.0,58,80.0,65,80.0,1,False
Charizard,Fire,Flying,534,78,84.0,78,109.0,85,100.0,1,False
CharizardMega Charizard X,Fire,Dragon,634,78,130.0,111,130.0,85,100.0,1,False
CharizardMega Charizard Y,Fire,Flying,634,78,104.0,78,159.0,115,100.0,1,False
Squirtle,Water,None,314,44,48.0,65,50.0,64,43.0,1,False
Wartortle,Water,None,405,59,63.0,80,65.0,80,58.0,1,False
Blastoise,Water,None,530,79,83.0,100,85.0,105,78.0,1,False
BlastoiseMega Blastoise,Water,None,630,79,103.0,120,135.0,115,78.0,1,False
Caterpie,Bug,None,195,45,30.0,35,20.0,20,45.0,1,False
Metapod,Bug,None,205,50,20.0,55,25.0,25,30.0,1,False
Butterfree,Bug,Flying,395,60,45.0,50,90.0,80,70.0,1,False
Weedle,Bug,Poison,195,40,35.0,30,20.0,20,50.0,1,False
Kakuna,Bug,Poison,205,45,25.0,50,25.0,25,35.0,1,False
Beedrill,Bug,Poison,395,65,90.0,40,45.0,80,75.0,1,False
BeedrillMega Beedrill,Bug,Poison,495,65,150.0,40,15.0,80,145.0,1,False
Pidgey,Normal,Flying,251,40,45.0,40,35.0,35,56.0,1,False
Pidgeotto,Normal,Flying,349,63,60.0,55,50.0,50,71.0,1,False
Pidgeot,Normal,Flying,479,83,80.0,75,70.0,70,101.0,1,False
PidgeotMega Pidgeot,Normal,Flying,579,83,80.0,80,135.0,80,121.0,1,False
Rattata,Normal,None,253,30,56.0,35,25.0,35,72.0,1,False
Raticate,Normal,None,413,55,81.0,60,50.0,70,97.0,1,False
Spearow,Normal,Flying,262,40,60.0,30,31.0,31,70.0,1,False
Fearow,Normal,Flying,442,65,90.0,65,61.0,61,100.0,1,False
Ekans,Poison,None,288,35,60.0,44,40.0,54,55.0,1,False
Arbok,Poison,None,438,60,85.0,69,65.0,79,80.0,1,False
Pikachu,Electric,None,320,35,55.0,40,50.0,50,90.0,1,False
Raichu,Electric,None,485,60,90.0,55,90.0,80,110.0,1,False
Sandshrew,Ground,None,300,50,75.0,85,20.0,30,40.0,1,False
Sandslash,Ground,None,450,75,100.0,110,45.0,55,65.0,1,False
Nidoran♀,Poison,None,275,55,47.0,52,40.0,40,41.0,1,False
Nidorina,Poison,None,365,70,62.0,67,55.0,55,56.0,1,False
Nidoqueen,Poison,Ground,505,90,92.0,87,75.0,85,76.0,1,False
Nidoran♂,Poison,None,273,46,57.0,40,40.0,40,50.0,1,False
Nidorino,Poison,None,365,61,72.0,57,55.0,55,65.0,1,False
Nidoking,Poison,Ground,505,81,102.0,77,85.0,75,85.0,1,False
Clefairy,Fairy,None,323,70,45.0,48,60.0,65,35.0,1,False
Clefable,Fairy,None,483,95,70.0,73,95.0,90,60.0,1,False
Vulpix,Fire,None,299,38,41.0,40,50.0,65,65.0,1,False
Ninetales,Fire,None,505,73,76.0,75,81.0,100,100.0,1,False
Jigglypuff,Normal,Fairy,270,115,45.0,20,45.0,25,20.0,1,False
Wigglytuff,Normal,Fairy,435,125,70.0,45,85.0,50,45.0,1,False
Zubat,Poison,Flying,245,40,45.0,35,30.0,40,55.0,1,False
Golbat,Poison,Flying,455,75,80.0,70,65.0,75,90.0,1,False
Oddish,Grass,Poison,320,45,50.0,55,75.0,65,30.0,1,False
Gloom,Grass,Poison,395,60,65.0,70,85.0,75,40.0,1,False
Vileplume,Grass,Poison,490,75,80.0,85,110.0,90,50.0,1,False
Paras,Bug,Grass,285,35,70.0,55,45.0,55,25.0,1,False
Parasect,Bug,Grass,405,60,95.0,80,60.0,80,30.0,1,False
Venonat,Bug,Poison,305,60,55.0,50,40.0,55,45.0,1,False
Venomoth,Bug,Poison,450,70,65.0,60,90.0,75,90.0,1,False
Diglett,Ground,None,265,10,55.0,25,35.0,45,95.0,1,False
Dugtrio,Ground,None,405,35,80.0,50,50.0,70,120.0,1,False
Meowth,Normal,None,290,40,45.0,35,40.0,40,90.0,1,False
Persian,Normal,None,440,65,70.0,60,65.0,65,115.0,1,False
Psyduck,Water,None,320,50,52.0,48,65.0,50,55.0,1,False
Golduck,Water,None,500,80,82.0,78,95.0,80,85.0,1,False
Mankey,Fighting,None,305,40,80.0,35,35.0,45,70.0,1,False
Primeape,Fighting,None,455,65,105.0,60,60.0,70,95.0,1,False
Growlithe,Fire,None,350,55,70.0,45,70.0,50,60.0,1,False
Arcanine,Fire,None,555,90,110.0,80,100.0,80,95.0,1,False
Poliwag,Water,None,300,40,50.0,40,40.0,40,90.0,1,False
Poliwhirl,Water,None,385,65,65.0,65,50.0,50,90.0,1,False
Poliwrath,Water,Fighting,510,90,95.0,95,70.0,90,70.0,1,False
Abra,Psychic,None,310,25,20.0,15,105.0,55,90.0,1,False
Kadabra,Psychic,None,400,40,35.0,30,120.0,70,105.0,1,False
Alakazam,Psychic,None,500,55,50.0,45,135.0,95,120.0,1,False
AlakazamMega Alakazam,Psychic,None,590,55,50.0,65,162.875,95,150.0,1,False
Machop,Fighting,None,305,70,80.0,50,35.0,35,35.0,1,False
Machoke,Fighting,None,405,80,100.0,70,50.0,60,45.0,1,False
Machamp,Fighting,None,505,90,130.0,80,65.0,85,55.0,1,False
Bellsprout,Grass,Poison,300,50,75.0,35,70.0,30,40.0,1,False
Weepinbell,Grass,Poison,390,65,90.0,50,85.0,45,55.0,1,False
Victreebel,Grass,Poison,490,80,105.0,65,100.0,70,70.0,1,False
Tentacool,Water,Poison,335,40,40.0,35,50.0,100,70.0,1,False
Tentacruel,Water,Poison,515,80,70.0,65,80.0,120,100.0,1,False
Geodude,Rock,Ground,300,40,80.0,100,30.0,30,20.0,1,False
Graveler,Rock,Ground,390,55,95.0,115,45.0,45,35.0,1,False
Golem,Rock,Ground,495,80,120.0,130,55.0,65,45.0,1,False
Ponyta,Fire,None,410,50,85.0,55,65.0,65,90.0,1,False
Rapidash,Fire,None,500,65,100.0,70,80.0,80,105.0,1,False
Slowpoke,Water,Psychic,315,90,65.0,65,40.0,40,15.0,1,False
Slowbro,Water,Psychic,490,95,75.0,110,100.0,80,30.0,1,False
SlowbroMega Slowbro,Water,Psychic,590,95,75.0,150,130.0,80,30.0,1,False
Magnemite,Electric,Steel,325,25,35.0,70,95.0,55,45.0,1,False
Magneton,Electric,Steel,465,50,60.0,95,120.0,70,70.0,1,False
Farfetch'd,Normal,Flying,352,52,65.0,55,58.0,62,60.0,1,False
Doduo,Normal,Flying,310,35,85.0,45,35.0,35,75.0,1,False
Dodrio,Normal,Flying,460,60,110.0,70,60.0,60,100.0,1,False
Seel,Water,None,325,65,45.0,55,45.0,70,45.0,1,False
Dewgong,Water,Ice,475,90,70.0,80,70.0,95,70.0,1,False
Grimer,Poison,None,325,80,80.0,50,40.0,50,25.0,1,False
Muk,Poison,None,500,105,105.0,75,65.0,100,50.0,1,False
Shellder,Water,None,305,30,65.0,100,45.0,25,40.0,1,False
Cloyster,Water,Ice,525,50,95.0,150,85.0,45,70.0,1,False
Gastly,Ghost,Poison,310,30,35.0,30,100.0,35,80.0,1,False
Haunter,Ghost,Poison,405,45,50.0,45,115.0,55,95.0,1,False
Gengar,Ghost,Poison,500,60,65.0,60,130.0,75,110.0,1,False
GengarMega Gengar,Ghost,Poison,600,60,65.0,80,162.875,95,130.0,1,False
Onix,Rock,Ground,385,35,45.0,150,30.0,45,70.0,1,False
Drowzee,Psychic,None,328,60,48.0,45,43.0,90,42.0,1,False
Hypno,Psychic,None,483,85,73.0,70,73.0,115,67.0,1,False
Krabby,Water,None,325,30,105.0,90,25.0,25,50.0,1,False
Kingler,Water,None,475,55,130.0,115,50.0,50,75.0,1,False
Voltorb,Electric,None,330,40,30.0,50,55.0,55,100.0,1,False
Electrode,Electric,None,480,60,50.0,70,80.0,80,140.0,1,False
Exeggcute,Grass,Psychic,325,60,40.0,80,60.0,45,40.0,1,False
Exeggutor,Grass,Psychic,520,95,95.0,85,125.0,65,55.0,1,False
Cubone,Ground,None,320,50,50.0,95,40.0,50,35.0,1,False
Marowak,Ground,None,425,60,80.0,110,50.0,80,45.0,1,False
Hitmonlee,Fighting,None,455,50,120.0,53,35.0,110,87.0,1,False
Hitmonchan,Fighting,None,455,50,105.0,79,35.0,110,76.0,1,False
Lickitung,Normal,None,385,90,55.0,75,60.0,75,30.0,1,False
Koffing,Poison,None,340,40,65.0,95,60.0,45,35.0,1,False
Weezing,Poison,None,490,65,90.0,120,85.0,70,60.0,1,False
Rhyhorn,Ground,Rock,345,80,85.0,95,30.0,30,25.0,1,False
Rhydon,Ground,Rock,485,105,130.0,120,45.0,45,40.0,1,False
Chansey,Normal,None,450,125,5.0,5,35.0,105,50.0,1,False
Tangela,Grass,None,435,65,55.0,115,100.0,40,60.0,1,False
Kangaskhan,Normal,None,490,105,95.0,80,40.0,80,90.0,1,False
KangaskhanMega Kangaskhan,Normal,None,590,105,125.0,100,60.0,100,100.0,1,False
Horsea,Water,None,295,30,40.0,70,70.0,25,60.0,1,False
Seadra,Water,None,440,55,65.0,95,95.0,45,85.0,1,False
Goldeen,Water,None,320,45,67.0,60,35.0,50,63.0,1,False
Seaking,Water,None,450,80,92.0,65,65.0,80,68.0,1,False
Staryu,Water,None,340,30,45.0,55,70.0,55,85.0,1,False
Starmie,Water,Psychic,520,60,75.0,85,100.0,85,115.0,1,False
Mr. Mime,Psychic,Fairy,460,40,45.0,65,100.0,120,90.0,1,False
Scyther,Bug,Flying,500,70,110.0,80,55.0,80,105.0,1,False
Jynx,Ice,Psychic,455,65,50.0,35,115.0,95,95.0,1,False
Electabuzz,Electric,None,490,65,83.0,57,95.0,85,105.0,1,False
Magmar,Fire,None,495,65,95.0,57,100.0,85,93.0,1,False
Pinsir,Bug,None,500,65,125.0,100,55.0,70,85.0,1,False
PinsirMega Pinsir,Bug,Flying,600,65,155.0,120,65.0,90,105.0,1,False
Tauros,Normal,None,490,75,100.0,95,40.0,70,110.0,1,False
Magikarp,Water,None,200,20,10.0,55,15.0,20,80.0,1,False
Gyarados,Water,Flying,540,95,125.0,79,60.0,100,81.0,1,False
GyaradosMega Gyarados,Water,Dark,640,95,155.0,109,70.0,130,81.0,1,False
Lapras,Water,Ice,535,125,85.0,80,85.0,95,60.0,1,False
Ditto,Normal,None,288,48,48.0,48,48.0,48,48.0,1,False
Eevee,Normal,None,325,55,55.0,50,45.0,65,55.0,1,False
Vaporeon,Water,None,525,125,65.0,60,110.0,95,65.0,1,False
Jolteon,Electric,None,525,65,65.0,60,110.0,95,130.0,1,False
Flareon,Fire,None,525,65,130.0,60,95.0,110,65.0,1,False
Porygon,Normal,None,395,65,60.0,70,85.0,75,40.0,1,False
Omanyte,Rock,Water,355,35,40.0,100,90.0,55,35.0,1,False
Omastar,Rock,Water,495,70,60.0,125,115.0,70,55.0,1,False
Kabuto,Rock,Water,355,30,80.0,90,55.0,45,55.0,1,False
Kabutops,Rock,Water,495,60,115.0,105,65.0,70,80.0,1,False
Aerodactyl,Rock,Flying,515,80,105.0,65,60.0,75,130.0,1,False
AerodactylMega Aerodactyl,Rock,Flying,615,80,135.0,85,70.0,95,150.0,1,False
Snorlax,Normal,None,540,125,110.0,65,65.0,110,30.0,1,False
Articuno,Ice,Flying,580,90,85.0,100,95.0,125,85.0,1,True
Zapdos,Electric,Flying,580,90,90.0,85,125.0,90,100.0,1,True
Moltres,Fire,Flying,580,90,100.0,90,125.0,85,90.0,1,True
Dratini,Dragon,None,300,41,64.0,45,50.0,50,50.0,1,False
Dragonair,Dragon,None,420,61,84.0,65,70.0,70,70.0,1,False
Dragonite,Dragon,Flying,600,91,134.0,95,100.0,100,80.0,1,False
Mewtwo,Psychic,None,680,106,110.0,90,154.0,90,130.0,1,True
MewtwoMega Mewtwo X,Psychic,Fighting,780,106,167.5,100,154.0,100,130.0,1,True
MewtwoMega Mewtwo Y,Psychic,None,780,106,150.0,70,162.875,120,140.0,1,True
Mew,Psychic,None,600,100,100.0,100,100.0,100,100.0,1,False
Chikorita,Grass,None,318,45,49.0,65,49.0,65,45.0,2,False
Bayleef,Grass,None,405,60,62.0,80,63.0,80,60.0,2,False
Meganium,Grass,None,525,80,82.0,100,83.0,100,80.0,2,False
Cyndaquil,Fire,None,309,39,52.0,43,60.0,50,65.0,2,False
Quilava,Fire,None,405,58,64.0,58,80.0,65,80.0,2,False
Typhlosion,Fire,None,534,78,84.0,78,109.0,85,100.0,2,False
Totodile,Water,None,314,50,65.0,64,44.0,48,43.0,2,False
Croconaw,Water,None,405,65,80.0,80,59.0,63,58.0,2,False
Feraligatr,Water,None,530,85,105.0,100,79.0,83,78.0,2,False
Sentret,Normal,None,215,35,46.0,34,35.0,45,20.0,2,False
Furret,Normal,None,415,85,76.0,64,45.0,55,90.0,2,False
Hoothoot,Normal,Flying,262,60,30.0,30,36.0,56,50.0,2,False
Noctowl,Normal,Flying,442,100,50.0,50,76.0,96,70.0,2,False
Ledyba,Bug,Flying,265,40,20.0,30,40.0,80,55.0,2,False
Ledian,Bug,Flying,390,55,35.0,50,55.0,110,85.0,2,False
Spinarak,Bug,Poison,250,40,60.0,40,40.0,40,30.0,2,False
Ariados,Bug,Poison,390,70,90.0,70,60.0,60,40.0,2,False
Crobat,Poison,Flying,535,85,90.0,80,70.0,80,130.0,2,False
Chinchou,Water,Electric,330,75,38.0,38,56.0,56,67.0,2,False
Lanturn,Water,Electric,460,125,58.0,58,76.0,76,67.0,2,False
Pichu,Electric,None,205,20,40.0,15,35.0,35,60.0,2,False
Cleffa,Fairy,None,218,50,25.0,28,45.0,55,15.0,2,False
Igglybuff,Normal,Fairy,210,90,30.0,15,40.0,20,15.0,2,False
Togepi,Fairy,None,245,35,20.0,65,40.0,65,20.0,2,False
Togetic,Fairy,Flying,405,55,40.0,85,80.0,105,40.0,2,False
Natu,Psychic,Flying,320,40,50.0,45,70.0,45,70.0,2,False
Xatu,Psychic,Flying,470,65,75.0,70,95.0,70,95.0,2,False
Mareep,Electric,None,280,55,40.0,40,65.0,45,35.0,2,False
Flaaffy,Electric,None,365,70,55.0,55,80.0,60,45.0,2,False
Ampharos,Electric,None,510,90,75.0,85,115.0,90,55.0,2,False
AmpharosMega Ampharos,Electric,Dragon,610,90,95.0,105,162.875,110,45.0,2,False
Bellossom,Grass,None,490,75,80.0,95,90.0,100,50.0,2,False
Marill,Water,Fairy,250,70,20.0,50,20.0,50,40.0,2,False
Azumarill,Water,Fairy,420,100,50.0,80,60.0,80,50.0,2,False
Sudowoodo,Rock,None,410,70,100.0,115,30.0,65,30.0,2,False
Politoed,Water,None,500,90,75.0,75,90.0,100,70.0,2,False
Hoppip,Grass,Flying,250,35,35.0,40,35.0,55,50.0,2,False
Skiploom,Grass,Flying,340,55,45.0,50,45.0,65,80.0,2,False
Jumpluff,Grass,Flying,460,75,55.0,70,55.0,95,110.0,2,False
Aipom,Normal,None,360,55,70.0,55,40.0,55,85.0,2,False
Sunkern,Grass,None,180,30,30.0,30,30.0,30,30.0,2,False
Sunflora,Grass,None,425,75,75.0,55,105.0,85,30.0,2,False
Yanma,Bug,Flying,390,65,65.0,45,75.0,45,95.0,2,False
Wooper,Water,Ground,210,55,45.0,45,25.0,25,15.0,2,False
Quagsire,Water,Ground,430,95,85.0,85,65.0,65,35.0,2,False
Espeon,Psychic,None,525,65,65.0,60,130.0,95,110.0,2,False
Umbreon,Dark,None,525,95,65.0,110,60.0,130,65.0,2,False
Murkrow,Dark,Flying,405,60,85.0,42,85.0,42,91.0,2,False
Slowking,Water,Psychic,490,95,75.0,80,100.0,110,30.0,2,False
Misdreavus,Ghost,None,435,60,60.0,60,85.0,85,85.0,2,False
Unown,Psychic,None,336,48,72.0,48,72.0,48,48.0,2,False
Wobbuffet,Psychic,None,405,125,33.0,58,33.0,58,33.0,2,False
Girafarig,Normal,Psychic,455,70,80.0,65,90.0,65,85.0,2,False
Pineco,Bug,None,290,50,65.0,90,35.0,35,15.0,2,False
Forretress,Bug,Steel,465,75,90.0,140,60.0,60,40.0,2,False
Dunsparce,Normal,None,415,100,70.0,70,65.0,65,45.0,2,False
Gligar,Ground,Flying,430,65,75.0,105,35.0,65,85.0,2,False
Steelix,Steel,Ground,510,75,85.0,150,55.0,65,30.0,2,False
SteelixMega Steelix,Steel,Ground,610,75,125.0,150,55.0,95,30.0,2,False
Snubbull,Fairy,None,300,60,80.0,50,40.0,40,30.0,2,False
Granbull,Fairy,None,450,90,120.0,75,60.0,60,45.0,2,False
Qwilfish,Water,Poison,430,65,95.0,75,55.0,55,85.0,2,False
Scizor,Bug,Steel,500,70,130.0,100,55.0,80,65.0,2,False
ScizorMega Scizor,Bug,Steel,600,70,150.0,140,65.0,100,75.0,2,False
Shuckle,Bug,Rock,505,20,10.0,150,10.0,150,5.0,2,False
Heracross,Bug,Fighting,500,80,125.0,75,40.0,95,85.0,2,False
HeracrossMega Heracross,Bug,Fighting,600,80,167.5,115,40.0,105,75.0,2,False
Sneasel,Dark,Ice,430,55,95.0,55,35.0,75,115.0,2,False
Teddiursa,Normal,None,330,60,80.0,50,50.0,50,40.0,2,False
Ursaring,Normal,None,500,90,130.0,75,75.0,75,55.0,2,False
Slugma,Fire,None,250,40,40.0,40,70.0,40,20.0,2,False
Magcargo,Fire,Rock,410,50,50.0,120,80.0,80,30.0,2,False
Swinub,Ice,Ground,250,50,50.0,40,30.0,30,50.0,2,False
Piloswine,Ice,Ground,450,100,100.0,80,60.0,60,50.0,2,False
Corsola,Water,Rock,380,55,55.0,85,65.0,85,35.0,2,False
Remoraid,Water,None,300,35,65.0,35,65.0,35,65.0,2,False
Octillery,Water,None,480,75,105.0,75,105.0,75,45.0,2,False
Delibird,Ice,Flying,330,45,55.0,45,65.0,45,75.0,2,False
Mantine,Water,Flying,465,65,40.0,70,80.0,140,70.0,2,False
Skarmory,Steel,Flying,465,65,80.0,140,40.0,70,70.0,2,False
Houndour,Dark,Fire,330,45,60.0,30,80.0,50,65.0,2,False
Houndoom,Dark,Fire,500,75,90.0,50,110.0,80,95.0,2,False
HoundoomMega Houndoom,Dark,Fire,600,75,90.0,90,140.0,90,115.0,2,False
Kingdra,Water,Dragon,540,75,95.0,95,95.0,95,85.0,2,False
Phanpy,Ground,None,330,90,60.0,60,40.0,40,40.0,2,False
Donphan,Ground,None,500,90,120.0,120,60.0,60,50.0,2,False
Porygon2,Normal,None,515,85,80.0,90,105.0,95,60.0,2,False
Stantler,Normal,None,465,73,95.0,62,85.0,65,85.0,2,False
Smeargle,Normal,None,250,55,20.0,35,20.0,45,75.0,2,False
Tyrogue,Fighting,None,210,35,35.0,35,35.0,35,35.0,2,False
Hitmontop,Fighting,None,455,50,95.0,95,35.0,110,70.0,2,False
Smoochum,Ice,Psychic,305,45,30.0,15,85.0,65,65.0,2,False
Elekid,Electric,None,360,45,63.0,37,65.0,55,95.0,2,False
Magby,Fire,None,365,45,75.0,37,70.0,55,83.0,2,False
Miltank,Normal,None,490,95,80.0,105,40.0,70,100.0,2,False
Blissey,Normal,None,540,125,10.0,10,75.0,135,55.0,2,False
Raikou,Electric,None,580,90,85.0,75,115.0,100,115.0,2,True
Entei,Fire,None,580,115,115.0,85,90.0,75,100.0,2,True
Suicune,Water,None,580,100,75.0,115,90.0,115,85.0,2,True
Larvitar,Rock,Ground,300,50,64.0,50,45.0,50,41.0,2,False
Pupitar,Rock,Ground,410,70,84.0,70,65.0,70,51.0,2,False
Tyranitar,Rock,Dark,600,100,134.0,110,95.0,100,61.0,2,False
TyranitarMega Tyranitar,Rock,Dark,700,100,164.0,150,95.0,120,71.0,2,False
Lugia,Psychic,Flying,680,106,90.0,130,90.0,150,110.0,2,True
Ho-oh,Fire,Flying,680,106,130.0,90,110.0,150,90.0,2,True
Celebi,Psychic,Grass,600,100,100.0,100,100.0,100,100.0,2,False
Treecko,Grass,None,310,40,45.0,35,65.0,55,70.0,3,False
Grovyle,Grass,None,405,50,65.0,45,85.0,65,95.0,3,False
Sceptile,Grass,None,530,70,85.0,65,105.0,85,120.0,3,False
SceptileMega Sceptile,Grass,Dragon,630,70,110.0,75,145.0,85,145.0,3,False
Torchic,Fire,None,310,45,60.0,40,70.0,50,45.0,3,False
Combusken,Fire,Fighting,405,60,85.0,60,85.0,60,55.0,3,False
Blaziken,Fire,Fighting,530,80,120.0,70,110.0,70,80.0,3,False
BlazikenMega Blaziken,Fire,Fighting,630,80,160.0,80,130.0,80,100.0,3,False
Mudkip,Water,None,310,50,70.0,50,50.0,50,40.0,3,False
Marshtomp,Water,Ground,405,70,85.0,70,60.0,70,50.0,3,False
Swampert,Water,Ground,535,100,110.0,90,85.0,90,60.0,3,False
SwampertMega Swampert,Water,Ground,635,100,150.0,110,95.0,110,70.0,3,False
Poochyena,Dark,None,220,35,55.0,35,30.0,30,35.0,3,False
Mightyena,Dark,None,420,70,90.0,70,60.0,60,70.0,3,False
Zigzagoon,Normal,None,240,38,30.0,41,30.0,41,60.0,3,False
Linoone,Normal,None,420,78,70.0,61,50.0,61,100.0,3,False
Wurmple,Bug,None,195,45,45.0,35,20.0,30,20.0,3,False
Silcoon,Bug,None,205,50,35.0,55,25.0,25,15.0,3,False
Beautifly,Bug,Flying,395,60,70.0,50,100.0,50,65.0,3,False
Cascoon,Bug,None,205,50,35.0,55,25.0,25,15.0,3,False
Dustox,Bug,Poison,385,60,50.0,70,50.0,90,65.0,3,False
Lotad,Water,Grass,220,40,30.0,30,40.0,50,30.0,3,False
Lombre,Water,Grass,340,60,50.0,50,60.0,70,50.0,3,False
Ludicolo,Water,Grass,480,80,70.0,70,90.0,100,70.0,3,False
Seedot,Grass,None,220,40,40.0,50,30.0,30,30.0,3,False
Nuzleaf,Grass,Dark,340,70,70.0,40,60.0,40,60.0,3,False
Shiftry,Grass,Dark,480,90,100.0,60,90.0,60,80.0,3,False
Taillow,Normal,Flying,270,40,55.0,30,30.0,30,85.0,3,False
Swellow,Normal,Flying,430,60,85.0,60,50.0,50,125.0,3,False
Wingull,Water,Flying,270,40,30.0,30,55.0,30,85.0,3,False
Pelipper,Water,Flying,430,60,50.0,100,85.0,70,65.0,3,False
Ralts,Psychic,Fairy,198,28,25.0,25,45.0,35,40.0,3,False
Kirlia,Psychic,Fairy,278,38,35.0,35,65.0,55,50.0,3,False
Gardevoir,Psychic,Fairy,518,68,65.0,65,125.0,115,80.0,3,False
GardevoirMega Gardevoir,Psychic,Fairy,618,68,85.0,65,162.875,135,100.0,3,False
Surskit,Bug,Water,269,40,30.0,32,50.0,52,65.0,3,False
Masquerain,Bug,Flying,414,70,60.0,62,80.0,82,60.0,3,False
Shroomish,Grass,None,295,60,40.0,60,40.0,60,35.0,3,False
Breloom,Grass,Fighting,460,60,130.0,80,60.0,60,70.0,3,False
Slakoth,Normal,None,280,60,60.0,60,35.0,35,30.0,3,False
Vigoroth,Normal,None,440,80,80.0,80,55.0,55,90.0,3,False
Slaking,Normal,None,670,125,160.0,100,95.0,65,100.0,3,False
Nincada,Bug,Ground,266,31,45.0,90,30.0,30,40.0,3,False
Ninjask,Bug,Flying,456,61,90.0,45,50.0,50,157.5,3,False
Shedinja,Bug,Ghost,236,5,90.0,45,30.0,30,40.0,3,False
Whismur,Normal,None,240,64,51.0,23,51.0,23,28.0,3,False
Loudred,Normal,None,360,84,71.0,43,71.0,43,48.0,3,False
Exploud,Normal,None,490,104,91.0,63,91.0,73,68.0,3,False
Makuhita,Fighting,None,237,72,60.0,30,20.0,30,25.0,3,False
Hariyama,Fighting,None,474,125,120.0,60,40.0,60,50.0,3,False
Azurill,Normal,Fairy,190,50,20.0,40,20.0,40,20.0,3,False
Nosepass,Rock,None,375,30,45.0,135,45.0,90,30.0,3,False
Skitty,Normal,None,260,50,45.0,45,35.0,35,50.0,3,False
Delcatty,Normal,None,380,70,65.0,65,55.0,55,70.0,3,False
Sableye,Dark,Ghost,380,50,75.0,75,65.0,65,50.0,3,False
SableyeMega Sableye,Dark,Ghost,480,50,85.0,125,85.0,115,20.0,3,False
Mawile,Steel,Fairy,380,50,85.0,85,55.0,55,50.0,3,False
MawileMega Mawile,Steel,Fairy,480,50,105.0,125,55.0,95,50.0,3,False
Aron,Steel,Rock,330,50,70.0,100,40.0,40,30.0,3,False
Lairon,Steel,Rock,430,60,90.0,140,50.0,50,40.0,3,False
Aggron,Steel,Rock,530,70,110.0,150,60.0,60,50.0,3,False
AggronMega Aggron,Steel,None,630,70,140.0,150,60.0,80,50.0,3,False
Meditite,Fighting,Psychic,280,30,40.0,55,40.0,55,60.0,3,False
Medicham,Fighting,Psychic,410,60,60.0,75,60.0,75,80.0,3,False
MedichamMega Medicham,Fighting,Psychic,510,60,100.0,85,80.0,85,100.0,3,False
Electrike,Electric,None,295,40,45.0,40,65.0,40,65.0,3,False
Manectric,Electric,None,475,70,75.0,60,105.0,60,105.0,3,False
ManectricMega Manectric,Electric,None,575,70,75.0,80,135.0,80,135.0,3,False
Plusle,Electric,None,405,60,50.0,40,85.0,75,95.0,3,False
Minun,Electric,None,405,60,40.0,50,75.0,85,95.0,3,False
Volbeat,Bug,None,400,65,73.0,55,47.0,75,85.0,3,False
Illumise,Bug,None,400,65,47.0,55,73.0,75,85.0,3,False
Roselia,Grass,Poison,400,50,60.0,45,100.0,80,65.0,3,False
Gulpin,Poison,None,302,70,43.0,53,43.0,53,40.0,3,False
Swalot,Poison,None,467,100,73.0,83,73.0,83,55.0,3,False
Carvanha,Water,Dark,305,45,90.0,20,65.0,20,65.0,3,False
Sharpedo,Water,Dark,460,70,120.0,40,95.0,40,95.0,3,False
SharpedoMega Sharpedo,Water,Dark,560,70,140.0,70,110.0,65,105.0,3,False
Wailmer,Water,None,400,125,70.0,35,70.0,35,60.0,3,False
Wailord,Water,None,500,125,90.0,45,90.0,45,60.0,3,False
Numel,Fire,Ground,305,60,60.0,40,65.0,45,35.0,3,False
Camerupt,Fire,Ground,460,70,100.0,70,105.0,75,40.0,3,False
CameruptMega Camerupt,Fire,Ground,560,70,120.0,100,145.0,105,20.0,3,False
Torkoal,Fire,None,470,70,85.0,140,85.0,70,20.0,3,False
Spoink,Psychic,None,330,60,25.0,35,70.0,80,60.0,3,False
Grumpig,Psychic,None,470,80,45.0,65,90.0,110,80.0,3,False
Spinda,Normal,None,360,60,60.0,60,60.0,60,60.0,3,False
Trapinch,Ground,None,290,45,100.0,45,45.0,45,10.0,3,False
Vibrava,Ground,Dragon,340,50,70.0,50,50.0,50,70.0,3,False
Flygon,Ground,Dragon,520,80,100.0,80,80.0,80,100.0,3,False
Cacnea,Grass,None,335,50,85.0,40,85.0,40,35.0,3,False
Cacturne,Grass,Dark,475,70,115.0,60,115.0,60,55.0,3,False
Swablu,Normal,Flying,310,45,40.0,60,40.0,75,50.0,3,False
Altaria,Dragon,Flying,490,75,70.0,90,70.0,105,80.0,3,False
AltariaMega Altaria,Dragon,Fairy,590,75,110.0,110,110.0,105,80.0,3,False
Zangoose,Normal,None,458,73,115.0,60,60.0,60,90.0,3,False
Seviper,Poison,None,458,73,100.0,60,100.0,60,65.0,3,False
Lunatone,Rock,Psychic,440,70,55.0,65,95.0,85,70.0,3,False
Solrock,Rock,Psychic,440,70,95.0,85,55.0,65,70.0,3,False
Barboach,Water,Ground,288,50,48.0,43,46.0,41,60.0,3,False
Whiscash,Water,Ground,468,110,78.0,73,76.0,71,60.0,3,False
Corphish,Water,None,308,43,80.0,65,50.0,35,35.0,3,False
Crawdaunt,Water,Dark,468,63,120.0,85,90.0,55,55.0,3,False
Baltoy,Ground,Psychic,300,40,40.0,55,40.0,70,55.0,3,False
Claydol,Ground,Psychic,500,60,70.0,105,70.0,120,75.0,3,False
Lileep,Rock,Grass,355,66,41.0,77,61.0,87,23.0,3,False
Cradily,Rock,Grass,495,86,81.0,97,81.0,107,43.0,3,False
Anorith,Rock,Bug,355,45,95.0,50,40.0,50,75.0,3,False
Armaldo,Rock,Bug,495,75,125.0,100,70.0,80,45.0,3,False
Feebas,Water,None,200,20,15.0,20,10.0,55,80.0,3,False
Milotic,Water,None,540,95,60.0,79,100.0,125,81.0,3,False
Castform,Normal,None,420,70,70.0,70,70.0,70,70.0,3,False
Kecleon,Normal,None,440,60,90.0,70,60.0,120,40.0,3,False
Shuppet,Ghost,None,295,44,75.0,35,63.0,33,45.0,3,False
Banette,Ghost,None,455,64,115.0,65,83.0,63,65.0,3,False
BanetteMega Banette,Ghost,None,555,64,165.0,75,93.0,83,75.0,3,False
Duskull,Ghost,None,295,20,40.0,90,30.0,90,25.0,3,False
Dusclops,Ghost,None,455,40,70.0,130,60.0,130,25.0,3,False
Tropius,Grass,Flying,460,99,68.0,83,72.0,87,51.0,3,False
Chimecho,Psychic,None,425,65,50.0,70,95.0,80,65.0,3,False
Absol,Dark,None,465,65,130.0,60,75.0,60,75.0,3,False
AbsolMega Absol,Dark,None,565,65,150.0,60,115.0,60,115.0,3,False
Wynaut,Psychic,None,260,95,23.0,48,23.0,48,23.0,3,False
Snorunt,Ice,None,300,50,50.0,50,50.0,50,50.0,3,False
Glalie,Ice,None,480,80,80.0,80,80.0,80,80.0,3,False
GlalieMega Glalie,Ice,None,580,80,120.0,80,120.0,80,100.0,3,False
Spheal,Ice,Water,290,70,40.0,50,55.0,50,25.0,3,False
Sealeo,Ice,Water,410,90,60.0,70,75.0,70,45.0,3,False
Walrein,Ice,Water,530,110,80.0,90,95.0,90,65.0,3,False
Clamperl,Water,None,345,35,64.0,85,74.0,55,32.0,3,False
Huntail,Water,None,485,55,104.0,105,94.0,75,52.0,3,False
Gorebyss,Water,None,485,55,84.0,105,114.0,75,52.0,3,False
Relicanth,Water,Rock,485,100,90.0,130,45.0,65,55.0,3,False
Luvdisc,Water,None,330,43,30.0,55,40.0,65,97.0,3,False
Bagon,Dragon,None,300,45,75.0,60,40.0,30,50.0,3,False
Shelgon,Dragon,None,420,65,95.0,100,60.0,50,50.0,3,False
Salamence,Dragon,Flying,600,95,135.0,80,110.0,80,100.0,3,False
SalamenceMega Salamence,Dragon,Flying,700,95,145.0,130,120.0,90,120.0,3,False
Beldum,Steel,Psychic,300,40,55.0,80,35.0,60,30.0,3,False
Metang,Steel,Psychic,420,60,75.0,100,55.0,80,50.0,3,False
Metagross,Steel,Psychic,600,80,135.0,130,95.0,90,70.0,3,False
MetagrossMega Metagross,Steel,Psychic,700,80,145.0,150,105.0,110,110.0,3,False
Regirock,Rock,None,580,80,100.0,150,50.0,100,50.0,3,True
Regice,Ice,None,580,80,50.0,100,100.0,150,50.0,3,True
Registeel,Steel,None,580,80,75.0,150,75.0,150,50.0,3,True
Latias,Dragon,Psychic,600,80,80.0,90,110.0,130,110.0,3,True
LatiasMega Latias,Dragon,Psychic,700,80,100.0,120,140.0,150,110.0,3,True
Latios,Dragon,Psychic,600,80,90.0,80,130.0,110,110.0,3,True
LatiosMega Latios,Dragon,Psychic,700,80,130.0,100,160.0,120,110.0,3,True
Kyogre,Water,None,670,100,100.0,90,150.0,140,90.0,3,True
KyogrePrimal Kyogre,Water,None,770,100,150.0,90,162.875,150,90.0,3,True
Groudon,Ground,None,670,100,150.0,140,100.0,90,90.0,3,True
GroudonPrimal Groudon,Ground,Fire,770,100,167.5,150,150.0,90,90.0,3,True
Rayquaza,Dragon,Flying,680,105,150.0,90,150.0,90,95.0,3,True
RayquazaMega Rayquaza,Dragon,Flying,780,105,167.5,100,162.875,100,115.0,3,True
Jirachi,Steel,Psychic,600,100,100.0,100,100.0,100,100.0,3,True
DeoxysNormal Forme,Psychic,None,600,50,150.0,50,150.0,50,150.0,3,True
DeoxysAttack Forme,Psychic,None,600,50,167.5,20,162.875,20,150.0,3,True
DeoxysDefense Forme,Psychic,None,600,50,70.0,150,70.0,150,90.0,3,True
DeoxysSpeed Forme,Psychic,None,600,50,95.0,90,95.0,90,157.5,3,True
Turtwig,Grass,None,318,55,68.0,64,45.0,55,31.0,4,False
Grotle,Grass,None,405,75,89.0,85,55.0,65,36.0,4,False
Torterra,Grass,Ground,525,95,109.0,105,75.0,85,56.0,4,False
Chimchar,Fire,None,309,44,58.0,44,58.0,44,61.0,4,False
Monferno,Fire,Fighting,405,64,78.0,52,78.0,52,81.0,4,False
Infernape,Fire,Fighting,534,76,104.0,71,104.0,71,108.0,4,False
Piplup,Water,None,314,53,51.0,53,61.0,56,40.0,4,False
Prinplup,Water,None,405,64,66.0,68,81.0,76,50.0,4,False
Empoleon,Water,Steel,530,84,86.0,88,111.0,101,60.0,4,False
Starly,Normal,Flying,245,40,55.0,30,30.0,30,60.0,4,False
Staravia,Normal,Flying,340,55,75.0,50,40.0,40,80.0,4,False
Staraptor,Normal,Flying,485,85,120.0,70,50.0,60,100.0,4,False
Bidoof,Normal,None,250,59,45.0,40,35.0,40,31.0,4,False
Bibarel,Normal,Water,410,79,85.0,60,55.0,60,71.0,4,False
Kricketot,Bug,None,194,37,25.0,41,25.0,41,25.0,4,False
Kricketune,Bug,None,384,77,85.0,51,55.0,51,65.0,4,False
Shinx,Electric,None,263,45,65.0,34,40.0,34,45.0,4,False
Luxio,Electric,None,363,60,85.0,49,60.0,49,60.0,4,False
Luxray,Electric,None,523,80,120.0,79,95.0,79,70.0,4,False
Budew,Grass,Poison,280,40,30.0,35,50.0,70,55.0,4,False
Roserade,Grass,Poison,515,60,70.0,65,125.0,105,90.0,4,False
Cranidos,Rock,None,350,67,125.0,40,30.0,30,58.0,4,False
Rampardos,Rock,None,495,97,165.0,60,65.0,50,58.0,4,False
Shieldon,Rock,Steel,350,30,42.0,118,42.0,88,30.0,4,False
Bastiodon,Rock,Steel,495,60,52.0,150,47.0,138,30.0,4,False
Burmy,Bug,None,224,40,29.0,45,29.0,45,36.0,4,False
WormadamPlant Cloak,Bug,Grass,424,60,59.0,85,79.0,105,36.0,4,False
WormadamSandy Cloak,Bug,Ground,424,60,79.0,105,59.0,85,36.0,4,False
WormadamTrash Cloak,Bug,Steel,424,60,69.0,95,69.0,95,36.0,4,False
Mothim,Bug,Flying,424,70,94.0,50,94.0,50,66.0,4,False
Combee,Bug,Flying,244,30,30.0,42,30.0,42,70.0,4,False
Vespiquen,Bug,Flying,474,70,80.0,102,80.0,102,40.0,4,False
Pachirisu,Electric,None,405,60,45.0,70,45.0,90,95.0,4,False
Buizel,Water,None,330,55,65.0,35,60.0,30,85.0,4,False
Floatzel,Water,None,495,85,105.0,55,85.0,50,115.0,4,False
Cherubi,Grass,None,275,45,35.0,45,62.0,53,35.0,4,False
Cherrim,Grass,None,450,70,60.0,70,87.0,78,85.0,4,False
Shellos,Water,None,325,76,48.0,48,57.0,62,34.0,4,False
Gastrodon,Water,Ground,475,111,83.0,68,92.0,82,39.0,4,False
Ambipom,Normal,None,482,75,100.0,66,60.0,66,115.0,4,False
Drifloon,Ghost,Flying,348,90,50.0,34,60.0,44,70.0,4,False
Drifblim,Ghost,Flying,498,125,80.0,44,90.0,54,80.0,4,False
Buneary,Normal,None,350,55,66.0,44,44.0,56,85.0,4,False
Lopunny,Normal,None,480,65,76.0,84,54.0,96,105.0,4,False
LopunnyMega Lopunny,Normal,Fighting,580,65,136.0,94,54.0,96,135.0,4,False
Mismagius,Ghost,None,495,60,60.0,60,105.0,105,105.0,4,False
Honchkrow,Dark,Flying,505,100,125.0,52,105.0,52,71.0,4,False
Glameow,Normal,None,310,49,55.0,42,42.0,37,85.0,4,False
Purugly,Normal,None,452,71,82.0,64,64.0,59,112.0,4,False
Chingling,Psychic,None,285,45,30.0,50,65.0,50,45.0,4,False
Stunky,Poison,Dark,329,63,63.0,47,41.0,41,74.0,4,False
Skuntank,Poison,Dark,479,103,93.0,67,71.0,61,84.0,4,False
Bronzor,Steel,Psychic,300,57,24.0,86,24.0,86,23.0,4,False
Bronzong,Steel,Psychic,500,67,89.0,116,79.0,116,33.0,4,False
Bonsly,Rock,None,290,50,80.0,95,10.0,45,10.0,4,False
Mime Jr.,Psychic,Fairy,310,20,25.0,45,70.0,90,60.0,4,False
Happiny,Normal,None,220,100,5.0,5,15.0,65,30.0,4,False
Chatot,Normal,Flying,411,76,65.0,45,92.0,42,91.0,4,False
Spiritomb,Ghost,Dark,485,50,92.0,108,92.0,108,35.0,4,False
Gible,Dragon,Ground,300,58,70.0,45,40.0,45,42.0,4,False
Gabite,Dragon,Ground,410,68,90.0,65,50.0,55,82.0,4,False
Garchomp,Dragon,Ground,600,108,130.0,95,80.0,85,102.0,4,False
GarchompMega Garchomp,Dragon,Ground,700,108,167.5,115,120.0,95,92.0,4,False
Munchlax,Normal,None,390,125,85.0,40,40.0,85,5.0,4,False
Riolu,Fighting,None,285,40,70.0,40,35.0,40,60.0,4,False
Lucario,Fighting,Steel,525,70,110.0,70,115.0,70,90.0,4,False
LucarioMega Lucario,Fighting,Steel,625,70,145.0,88,140.0,70,112.0,4,False
Hippopotas,Ground,None,330,68,72.0,78,38.0,42,32.0,4,False
Hippowdon,Ground,None,525,108,112.0,118,68.0,72,47.0,4,False
Skorupi,Poison,Bug,330,40,50.0,90,30.0,55,65.0,4,False
Drapion,Poison,Dark,500,70,90.0,110,60.0,75,95.0,4,False
Croagunk,Poison,Fighting,300,48,61.0,40,61.0,40,50.0,4,False
Toxicroak,Poison,Fighting,490,83,106.0,65,86.0,65,85.0,4,False
Carnivine,Grass,None,454,74,100.0,72,90.0,72,46.0,4,False
Finneon,Water,None,330,49,49.0,56,49.0,61,66.0,4,False
Lumineon,Water,None,460,69,69.0,76,69.0,86,91.0,4,False
Mantyke,Water,Flying,345,45,20.0,50,60.0,120,50.0,4,False
Snover,Grass,Ice,334,60,62.0,50,62.0,60,40.0,4,False
Abomasnow,Grass,Ice,494,90,92.0,75,92.0,85,60.0,4,False
AbomasnowMega Abomasnow,Grass,Ice,594,90,132.0,105,132.0,105,30.0,4,False
Weavile,Dark,Ice,510,70,120.0,65,45.0,85,125.0,4,False
Magnezone,Electric,Steel,535,70,70.0,115,130.0,90,60.0,4,False
Lickilicky,Normal,None,515,110,85.0,95,80.0,95,50.0,4,False
Rhyperior,Ground,Rock,535,115,140.0,130,55.0,55,40.0,4,False
Tangrowth,Grass,None,535,100,100.0,125,110.0,50,50.0,4,False
Electivire,Electric,None,540,75,123.0,67,95.0,85,95.0,4,False
Magmortar,Fire,None,540,75,95.0,67,125.0,95,83.0,4,False
Togekiss,Fairy,Flying,545,85,50.0,95,120.0,115,80.0,4,False
Yanmega,Bug,Flying,515,86,76.0,86,116.0,56,95.0,4,False
Leafeon,Grass,None,525,65,110.0,130,60.0,65,95.0,4,False
Glaceon,Ice,None,525,65,60.0,110,130.0,95,65.0,4,False
Gliscor,Ground,Flying,510,75,95.0,125,45.0,75,95.0,4,False
Mamoswine,Ice,Ground,530,110,130.0,80,70.0,60,80.0,4,False
Porygon-Z,Normal,None,535,85,80.0,70,135.0,75,90.0,4,False
Gallade,Psychic,Fighting,518,68,125.0,65,65.0,115,80.0,4,False
GalladeMega Gallade,Psychic,Fighting,618,68,165.0,95,65.0,115,110.0,4,False
Probopass,Rock,Steel,525,60,55.0,145,75.0,150,40.0,4,False
Dusknoir,Ghost,None,525,45,100.0,135,65.0,135,45.0,4,False
Froslass,Ice,Ghost,480,70,80.0,70,80.0,70,110.0,4,False
Rotom,Electric,Ghost,440,50,50.0,77,95.0,77,91.0,4,False
RotomHeat Rotom,Electric,Fire,520,50,65.0,107,105.0,107,86.0,4,False
RotomWash Rotom,Electric,Water,520,50,65.0,107,105.0,107,86.0,4,False
RotomFrost Rotom,Electric,Ice,520,50,65.0,107,105.0,107,86.0,4,False
RotomFan Rotom,Electric,Flying,520,50,65.0,107,105.0,107,86.0,4,False
RotomMow Rotom,Electric,Grass,520,50,65.0,107,105.0,107,86.0,4,False
Uxie,Psychic,None,580,75,75.0,130,75.0,130,95.0,4,True
Mesprit,Psychic,None,580,80,105.0,105,105.0,105,80.0,4,True
Azelf,Psychic,None,580,75,125.0,70,125.0,70,115.0,4,True
Dialga,Steel,Dragon,680,100,120.0,120,150.0,100,90.0,4,True
Palkia,Water,Dragon,680,90,120.0,100,150.0,120,100.0,4,True
Heatran,Fire,Steel,600,91,90.0,106,130.0,106,77.0,4,True
Regigigas,Normal,None,670,110,160.0,110,80.0,110,100.0,4,True
GiratinaAltered Forme,Ghost,Dragon,680,125,100.0,120,100.0,120,90.0,4,True
GiratinaOrigin Forme,Ghost,Dragon,680,125,120.0,100,120.0,100,90.0,4,True
Cresselia,Psychic,None,600,120,70.0,120,75.0,130,85.0,4,False
Phione,Water,None,480,80,80.0,80,80.0,80,80.0,4,False
Manaphy,Water,None,600,100,100.0,100,100.0,100,100.0,4,False
Darkrai,Dark,None,600,70,90.0,90,135.0,90,125.0,4,True
ShayminLand Forme,Grass,None,600,100,100.0,100,100.0,100,100.0,4,True
ShayminSky Forme,Grass,Flying,600,100,103.0,75,120.0,75,127.0,4,True
Arceus,Normal,None,720,120,120.0,120,120.0,120,120.0,4,True
Victini,Psychic,Fire,600,100,100.0,100,100.0,100,100.0,5,True
Snivy,Grass,None,308,45,45.0,55,45.0,55,63.0,5,False
Servine,Grass,None,413,60,60.0,75,60.0,75,83.0,5,False
Serperior,Grass,None,528,75,75.0,95,75.0,95,113.0,5,False
Tepig,Fire,None,308,65,63.0,45,45.0,45,45.0,5,False
Pignite,Fire,Fighting,418,90,93.0,55,70.0,55,55.0,5,False
Emboar,Fire,Fighting,528,110,123.0,65,100.0,65,65.0,5,False
Oshawott,Water,None,308,55,55.0,45,63.0,45,45.0,5,False
Dewott,Water,None,413,75,75.0,60,83.0,60,60.0,5,False
Samurott,Water,None,528,95,100.0,85,108.0,70,70.0,5,False
Patrat,Normal,None,255,45,55.0,39,35.0,39,42.0,5,False
Watchog,Normal,None,420,60,85.0,69,60.0,69,77.0,5,False
Lillipup,Normal,None,275,45,60.0,45,25.0,45,55.0,5,False
Herdier,Normal,None,370,65,80.0,65,35.0,65,60.0,5,False
Stoutland,Normal,None,500,85,110.0,90,45.0,90,80.0,5,False
Purrloin,Dark,None,281,41,50.0,37,50.0,37,66.0,5,False
Liepard,Dark,None,446,64,88.0,50,88.0,50,106.0,5,False
Pansage,Grass,None,316,50,53.0,48,53.0,48,64.0,5,False
Simisage,Grass,None,498,75,98.0,63,98.0,63,101.0,5,False
Pansear,Fire,None,316,50,53.0,48,53.0,48,64.0,5,False
Simisear,Fire,None,498,75,98.0,63,98.0,63,101.0,5,False
Panpour,Water,None,316,50,53.0,48,53.0,48,64.0,5,False
Simipour,Water,None,498,75,98.0,63,98.0,63,101.0,5,False
Munna,Psychic,None,292,76,25.0,45,67.0,55,24.0,5,False
Musharna,Psychic,None,487,116,55.0,85,107.0,95,29.0,5,False
Pidove,Normal,Flying,264,50,55.0,50,36.0,30,43.0,5,False
Tranquill,Normal,Flying,358,62,77.0,62,50.0,42,65.0,5,False
Unfezant,Normal,Flying,488,80,115.0,80,65.0,55,93.0,5,False
Blitzle,Electric,None,295,45,60.0,32,50.0,32,76.0,5,False
Zebstrika,Electric,None,497,75,100.0,63,80.0,63,116.0,5,False
Roggenrola,Rock,None,280,55,75.0,85,25.0,25,15.0,5,False
Boldore,Rock,None,390,70,105.0,105,50.0,40,20.0,5,False
Gigalith,Rock,None,515,85,135.0,130,60.0,80,25.0,5,False
Woobat,Psychic,Flying,313,55,45.0,43,55.0,43,72.0,5,False
Swoobat,Psychic,Flying,425,67,57.0,55,77.0,55,114.0,5,False
Drilbur,Ground,None,328,60,85.0,40,30.0,45,68.0,5,False
Excadrill,Ground,Steel,508,110,135.0,60,50.0,65,88.0,5,False
Audino,Normal,None,445,103,60.0,86,60.0,86,50.0,5,False
AudinoMega Audino,Normal,Fairy,545,103,60.0,126,80.0,126,50.0,5,False
Timburr,Fighting,None,305,75,80.0,55,25.0,35,35.0,5,False
Gurdurr,Fighting,None,405,85,105.0,85,40.0,50,40.0,5,False
Conkeldurr,Fighting,None,505,105,140.0,95,55.0,65,45.0,5,False
Tympole,Water,None,294,50,50.0,40,50.0,40,64.0,5,False
Palpitoad,Water,Ground,384,75,65.0,55,65.0,55,69.0,5,False
Seismitoad,Water,Ground,509,105,95.0,75,85.0,75,74.0,5,False
Throh,Fighting,None,465,120,100.0,85,30.0,85,45.0,5,False
Sawk,Fighting,None,465,75,125.0,75,30.0,75,85.0,5,False
Sewaddle,Bug,Grass,310,45,53.0,70,40.0,60,42.0,5,False
Swadloon,Bug,Grass,380,55,63.0,90,50.0,80,42.0,5,False
Leavanny,Bug,Grass,500,75,103.0,80,70.0,80,92.0,5,False
Venipede,Bug,Poison,260,30,45.0,59,30.0,39,57.0,5,False
Whirlipede,Bug,Poison,360,40,55.0,99,40.0,79,47.0,5,False
Scolipede,Bug,Poison,485,60,100.0,89,55.0,69,112.0,5,False
Cottonee,Grass,Fairy,280,40,27.0,60,37.0,50,66.0,5,False
Whimsicott,Grass,Fairy,480,60,67.0,85,77.0,75,116.0,5,False
Petilil,Grass,None,280,45,35.0,50,70.0,50,30.0,5,False
Lilligant,Grass,None,480,70,60.0,75,110.0,75,90.0,5,False
Basculin,Water,None,460,70,92.0,65,80.0,55,98.0,5,False
Sandile,Ground,Dark,292,50,72.0,35,35.0,35,65.0,5,False
Krokorok,Ground,Dark,351,60,82.0,45,45.0,45,74.0,5,False
Krookodile,Ground,Dark,519,95,117.0,80,65.0,70,92.0,5,False
Darumaka,Fire,None,315,70,90.0,45,15.0,45,50.0,5,False
DarmanitanStandard Mode,Fire,None,480,105,140.0,55,30.0,55,95.0,5,False
DarmanitanZen Mode,Fire,Psychic,540,105,30.0,105,140.0,105,55.0,5,False
Maractus,Grass,None,461,75,86.0,67,106.0,67,60.0,5,False
Dwebble,Bug,Rock,325,50,65.0,85,35.0,35,55.0,5,False
Crustle,Bug,Rock,475,70,95.0,125,65.0,75,45.0,5,False
Scraggy,Dark,Fighting,348,50,75.0,70,35.0,70,48.0,5,False
Scrafty,Dark,Fighting,488,65,90.0,115,45.0,115,58.0,5,False
Sigilyph,Psychic,Flying,490,72,58.0,80,103.0,80,97.0,5,False
Yamask,Ghost,None,303,38,30.0,85,55.0,65,30.0,5,False
Cofagrigus,Ghost,None,483,58,50.0,145,95.0,105,30.0,5,False
Tirtouga,Water,Rock,355,54,78.0,103,53.0,45,22.0,5,False
Carracosta,Water,Rock,495,74,108.0,133,83.0,65,32.0,5,False
Archen,Rock,Flying,401,55,112.0,45,74.0,45,70.0,5,False
Archeops,Rock,Flying,567,75,140.0,65,112.0,65,110.0,5,False
Trubbish,Poison,None,329,50,50.0,62,40.0,62,65.0,5,False
Garbodor,Poison,None,474,80,95.0,82,60.0,82,75.0,5,False
Zorua,Dark,None,330,40,65.0,40,80.0,40,65.0,5,False
Zoroark,Dark,None,510,60,105.0,60,120.0,60,105.0,5,False
Minccino,Normal,None,300,55,50.0,40,40.0,40,75.0,5,False
Cinccino,Normal,None,470,75,95.0,60,65.0,60,115.0,5,False
Gothita,Psychic,None,290,45,30.0,50,55.0,65,45.0,5,False
Gothorita,Psychic,None,390,60,45.0,70,75.0,85,55.0,5,False
Gothitelle,Psychic,None,490,70,55.0,95,95.0,110,65.0,5,False
Solosis,Psychic,None,290,45,30.0,40,105.0,50,20.0,5,False
Duosion,Psychic,None,370,65,40.0,50,125.0,60,30.0,5,False
Reuniclus,Psychic,None,490,110,65.0,75,125.0,85,30.0,5,False
Ducklett,Water,Flying,305,62,44.0,50,44.0,50,55.0,5,False
Swanna,Water,Flying,473,75,87.0,63,87.0,63,98.0,5,False
Vanillite,Ice,None,305,36,50.0,50,65.0,60,44.0,5,False
Vanillish,Ice,None,395,51,65.0,65,80.0,75,59.0,5,False
Vanilluxe,Ice,None,535,71,95.0,85,110.0,95,79.0,5,False
Deerling,Normal,Grass,335,60,60.0,50,40.0,50,75.0,5,False
Sawsbuck,Normal,Grass,475,80,100.0,70,60.0,70,95.0,5,False
Emolga,Electric,Flying,428,55,75.0,60,75.0,60,103.0,5,False
Karrablast,Bug,None,315,50,75.0,45,40.0,45,60.0,5,False
Escavalier,Bug,Steel,495,70,135.0,105,60.0,105,20.0,5,False
Foongus,Grass,Poison,294,69,55.0,45,55.0,55,15.0,5,False
Amoonguss,Grass,Poison,464,114,85.0,70,85.0,80,30.0,5,False
Frillish,Water,Ghost,335,55,40.0,50,65.0,85,40.0,5,False
Jellicent,Water,Ghost,480,100,60.0,70,85.0,105,60.0,5,False
Alomomola,Water,None,470,125,75.0,80,40.0,45,65.0,5,False
Joltik,Bug,Electric,319,50,47.0,50,57.0,50,65.0,5,False
Galvantula,Bug,Electric,472,70,77.0,60,97.0,60,108.0,5,False
Ferroseed,Grass,Steel,305,44,50.0,91,24.0,86,10.0,5,False
Ferrothorn,Grass,Steel,489,74,94.0,131,54.0,116,20.0,5,False
Klink,Steel,None,300,40,55.0,70,45.0,60,30.0,5,False
Klang,Steel,None,440,60,80.0,95,70.0,85,50.0,5,False
Klinklang,Steel,None,520,60,100.0,115,70.0,85,90.0,5,False
Tynamo,Electric,None,275,35,55.0,40,45.0,40,60.0,5,False
Eelektrik,Electric,None,405,65,85.0,70,75.0,70,40.0,5,False
Eelektross,Electric,None,515,85,115.0,80,105.0,80,50.0,5,False
Elgyem,Psychic,None,335,55,55.0,55,85.0,55,30.0,5,False
Beheeyem,Psychic,None,485,75,75.0,75,125.0,95,40.0,5,False
Litwick,Ghost,Fire,275,50,30.0,55,65.0,55,20.0,5,False
Lampent,Ghost,Fire,370,60,40.0,60,95.0,60,55.0,5,False
Chandelure,Ghost,Fire,520,60,55.0,90,145.0,90,80.0,5,False
Axew,Dragon,None,320,46,87.0,60,30.0,40,57.0,5,False
Fraxure,Dragon,None,410,66,117.0,70,40.0,50,67.0,5,False
Haxorus,Dragon,None,540,76,147.0,90,60.0,70,97.0,5,False
Cubchoo,Ice,None,305,55,70.0,40,60.0,40,40.0,5,False
Beartic,Ice,None,485,95,110.0,80,70.0,80,50.0,5,False
Cryogonal,Ice,None,485,70,50.0,30,95.0,135,105.0,5,False
Shelmet,Bug,None,305,50,40.0,85,40.0,65,25.0,5,False
Accelgor,Bug,None,495,80,70.0,40,100.0,60,145.0,5,False
Stunfisk,Ground,Electric,471,109,66.0,84,81.0,99,32.0,5,False
Mienfoo,Fighting,None,350,45,85.0,50,55.0,50,65.0,5,False
Mienshao,Fighting,None,510,65,125.0,60,95.0,60,105.0,5,False
Druddigon,Dragon,None,485,77,120.0,90,60.0,90,48.0,5,False
Golett,Ground,Ghost,303,59,74.0,50,35.0,50,35.0,5,False
Golurk,Ground,Ghost,483,89,124.0,80,55.0,80,55.0,5,False
Pawniard,Dark,Steel,340,45,85.0,70,40.0,40,60.0,5,False
Bisharp,Dark,Steel,490,65,125.0,100,60.0,70,70.0,5,False
Bouffalant,Normal,None,490,95,110.0,95,40.0,95,55.0,5,False
Rufflet,Normal,Flying,350,70,83.0,50,37.0,50,60.0,5,False
Braviary,Normal,Flying,510,100,123.0,75,57.0,75,80.0,5,False
Vullaby,Dark,Flying,370,70,55.0,75,45.0,65,60.0,5,False
Mandibuzz,Dark,Flying,510,110,65.0,105,55.0,95,80.0,5,False
Heatmor,Fire,None,484,85,97.0,66,105.0,66,65.0,5,False
Durant,Bug,Steel,484,58,109.0,112,48.0,48,109.0,5,False
Deino,Dark,Dragon,300,52,65.0,50,45.0,50,38.0,5,False
Zweilous,Dark,Dragon,420,72,85.0,70,65.0,70,58.0,5,False
Hydreigon,Dark,Dragon,600,92,105.0,90,125.0,90,98.0,5,False
Larvesta,Bug,Fire,360,55,85.0,55,50.0,55,60.0,5,False
Volcarona,Bug,Fire,550,85,60.0,65,135.0,105,100.0,5,False
Cobalion,Steel,Fighting,580,91,90.0,129,90.0,72,108.0,5,True
Terrakion,Rock,Fighting,580,91,129.0,90,72.0,90,108.0,5,True
Virizion,Grass,Fighting,580,91,90.0,72,90.0,129,108.0,5,True
TornadusIncarnate Forme,Flying,None,580,79,115.0,70,125.0,80,111.0,5,True
TornadusTherian Forme,Flying,None,580,79,100.0,80,110.0,90,121.0,5,True
ThundurusIncarnate Forme,Electric,Flying,580,79,115.0,70,125.0,80,111.0,5,True
ThundurusTherian Forme,Electric,Flying,580,79,105.0,70,145.0,80,101.0,5,True
Reshiram,Dragon,Fire,680,100,120.0,100,150.0,120,90.0,5,True
Zekrom,Dragon,Electric,680,100,150.0,120,120.0,100,90.0,5,True
LandorusIncarnate Forme,Ground,Flying,600,89,125.0,90,115.0,80,101.0,5,True
LandorusTherian Forme,Ground,Flying,600,89,145.0,90,105.0,80,91.0,5,True
Kyurem,Dragon,Ice,660,125,130.0,90,130.0,90,95.0,5,True
KyuremBlack Kyurem,Dragon,Ice,700,125,167.5,100,120.0,90,95.0,5,True
KyuremWhite Kyurem,Dragon,Ice,700,125,120.0,90,162.875,100,95.0,5,True
KeldeoOrdinary Forme,Water,Fighting,580,91,72.0,90,129.0,90,108.0,5,False
KeldeoResolute Forme,Water,Fighting,580,91,72.0,90,129.0,90,108.0,5,False
MeloettaAria Forme,Normal,Psychic,600,100,77.0,77,128.0,128,90.0,5,False
MeloettaPirouette Forme,Normal,Fighting,600,100,128.0,90,77.0,77,128.0,5,False
Genesect,Bug,Steel,600,71,120.0,95,120.0,95,99.0,5,False
Chespin,Grass,None,313,56,61.0,65,48.0,45,38.0,6,False
Quilladin,Grass,None,405,61,78.0,95,56.0,58,57.0,6,False
Chesnaught,Grass,Fighting,530,88,107.0,122,74.0,75,64.0,6,False
Fennekin,Fire,None,307,40,45.0,40,62.0,60,60.0,6,False
Braixen,Fire,None,409,59,59.0,58,90.0,70,73.0,6,False
Delphox,Fire,Psychic,534,75,69.0,72,114.0,100,104.0,6,False
Froakie,Water,None,314,41,56.0,40,62.0,44,71.0,6,False
Frogadier,Water,None,405,54,63.0,52,83.0,56,97.0,6,False
Greninja,Water,Dark,530,72,95.0,67,103.0,71,122.0,6,False
Bunnelby,Normal,None,237,38,36.0,38,32.0,36,57.0,6,False
Diggersby,Normal,Ground,423,85,56.0,77,50.0,77,78.0,6,False
Fletchling,Normal,Flying,278,45,50.0,43,40.0,38,62.0,6,False
Fletchinder,Fire,Flying,382,62,73.0,55,56.0,52,84.0,6,False
Talonflame,Fire,Flying,499,78,81.0,71,74.0,69,126.0,6,False
Scatterbug,Bug,None,200,38,35.0,40,27.0,25,35.0,6,False
Spewpa,Bug,None,213,45,22.0,60,27.0,30,29.0,6,False
Vivillon,Bug,Flying,411,80,52.0,50,90.0,50,89.0,6,False
Litleo,Fire,Normal,369,62,50.0,58,73.0,54,72.0,6,False
Pyroar,Fire,Normal,507,86,68.0,72,109.0,66,106.0,6,False
Flabébé,Fairy,None,303,44,38.0,39,61.0,79,42.0,6,False
Floette,Fairy,None,371,54,45.0,47,75.0,98,52.0,6,False
Florges,Fairy,None,552,78,65.0,68,112.0,150,75.0,6,False
Skiddo,Grass,None,350,66,65.0,48,62.0,57,52.0,6,False
Gogoat,Grass,None,531,123,100.0,62,97.0,81,68.0,6,False
Pancham,Fighting,None,348,67,82.0,62,46.0,48,43.0,6,False
Pangoro,Fighting,Dark,495,95,124.0,78,69.0,71,58.0,6,False
Furfrou,Normal,None,472,75,80.0,60,65.0,90,102.0,6,False
Espurr,Psychic,None,355,62,48.0,54,63.0,60,68.0,6,False
MeowsticMale,Psychic,None,466,74,48.0,76,83.0,81,104.0,6,False
MeowsticFemale,Psychic,None,466,74,48.0,76,83.0,81,104.0,6,False
Honedge,Steel,Ghost,325,45,80.0,100,35.0,37,28.0,6,False
Doublade,Steel,Ghost,448,59,110.0,150,45.0,49,35.0,6,False
AegislashBlade Forme,Steel,Ghost,520,60,150.0,50,150.0,50,60.0,6,False
AegislashShield Forme,Steel,Ghost,520,60,50.0,150,50.0,150,60.0,6,False
Spritzee,Fairy,None,341,78,52.0,60,63.0,65,23.0,6,False
Aromatisse,Fairy,None,462,101,72.0,72,99.0,89,29.0,6,False
Swirlix,Fairy,None,341,62,48.0,66,59.0,57,49.0,6,False
Slurpuff,Fairy,None,480,82,80.0,86,85.0,75,72.0,6,False
Inkay,Dark,Psychic,288,53,54.0,53,37.0,46,45.0,6,False
Malamar,Dark,Psychic,482,86,92.0,88,68.0,75,73.0,6,False
Binacle,Rock,Water,306,42,52.0,67,39.0,56,50.0,6,False
Barbaracle,Rock,Water,500,72,105.0,115,54.0,86,68.0,6,False
Skrelp,Poison,Water,320,50,60.0,60,60.0,60,30.0,6,False
Dragalge,Poison,Dragon,494,65,75.0,90,97.0,123,44.0,6,False
Clauncher,Water,None,330,50,53.0,62,58.0,63,44.0,6,False
Clawitzer,Water,None,500,71,73.0,88,120.0,89,59.0,6,False
Helioptile,Electric,Normal,289,44,38.0,33,61.0,43,70.0,6,False
Heliolisk,Electric,Normal,481,62,55.0,52,109.0,94,109.0,6,False
Tyrunt,Rock,Dragon,362,58,89.0,77,45.0,45,48.0,6,False
Tyrantrum,Rock,Dragon,521,82,121.0,119,69.0,59,71.0,6,False
Amaura,Rock,Ice,362,77,59.0,50,67.0,63,46.0,6,False
Aurorus,Rock,Ice,521,123,77.0,72,99.0,92,58.0,6,False
Sylveon,Fairy,None,525,95,65.0,65,110.0,130,60.0,6,False
Hawlucha,Fighting,Flying,500,78,92.0,75,74.0,63,118.0,6,False
Dedenne,Electric,Fairy,431,67,58.0,57,81.0,67,101.0,6,False
Carbink,Rock,Fairy,500,50,50.0,150,50.0,150,50.0,6,False
Goomy,Dragon,None,300,45,50.0,35,55.0,75,40.0,6,False
Sliggoo,Dragon,None,452,68,75.0,53,83.0,113,60.0,6,False
Goodra,Dragon,None,600,90,100.0,70,110.0,150,80.0,6,False
Klefki,Steel,Fairy,470,57,80.0,91,80.0,87,75.0,6,False
Phantump,Ghost,Grass,309,43,70.0,48,50.0,60,38.0,6,False
Trevenant,Ghost,Grass,474,85,110.0,76,65.0,82,56.0,6,False
PumpkabooAverage Size,Ghost,Grass,335,49,66.0,70,44.0,55,51.0,6,False
PumpkabooSmall Size,Ghost,Grass,335,44,66.0,70,44.0,55,56.0,6,False
PumpkabooLarge Size,Ghost,Grass,335,54,66.0,70,44.0,55,46.0,6,False
PumpkabooSuper Size,Ghost,Grass,335,59,66.0,70,44.0,55,41.0,6,False
GourgeistAverage Size,Ghost,Grass,494,65,90.0,122,58.0,75,84.0,6,False
GourgeistSmall Size,Ghost,Grass,494,55,85.0,122,58.0,75,99.0,6,False
GourgeistLarge Size,Ghost,Grass,494,75,95.0,122,58.0,75,69.0,6,False
GourgeistSuper Size,Ghost,Grass,494,85,100.0,122,58.0,75,54.0,6,False
Bergmite,Ice,None,304,55,69.0,85,32.0,35,28.0,6,False
Avalugg,Ice,None,514,95,117.0,150,44.0,46,28.0,6,False
Noibat,Flying,Dragon,245,40,30.0,35,45.0,40,55.0,6,False
Noivern,Flying,Dragon,535,85,70.0,80,97.0,80,123.0,6,False
Xerneas,Fairy,None,680,125,131.0,95,131.0,98,99.0,6,True
Yveltal,Dark,Flying,680,125,131.0,95,131.0,98,99.0,6,True
Zygarde50% Forme,Dragon,Ground,600,108,100.0,121,81.0,95,95.0,6,True
Diancie,Rock,Fairy,600,50,100.0,150,100.0,150,50.0,6,True
DiancieMega Diancie,Rock,Fairy,700,50,160.0,110,160.0,110,110.0,6,True
HoopaHoopa Confined,Psychic,Ghost,600,80,110.0,60,150.0,130,70.0,6,True
HoopaHoopa Unbound,Psychic,Dark,680,80,160.0,60,162.875,130,80.0,6,True
Volcanion,Fire,Water,600,80,110.0,120,130.0,90,70.0,6,True
